Label,# Samples,Average,Median,90% Line,95% Line,99% Line,Min,Max,Error %,Throughput,Received KB/sec,Sent KB/sec
home,51,735,717,723,725,738,712,1598,0.000%,1.15904,43.46,11.28
randomPageParseRandom,4,719,716,728,728,728,714,728,0.000%,.46954,15.09,4.59
openPost,9,714,714,715,720,720,712,720,0.000%,.85090,27.34,8.31
randomPageParseFirst,1,712,712,712,712,712,712,712,0.000%,1.40449,39.88,13.72
Anonymous Script,1,10734,10734,10734,10734,10734,10734,10734,0.000%,.08561,40.94,12.54
Debug Sampler,1,4,4,4,4,4,4,4,0.000%,250.00000,803.22,0.00
Main Script,1,47519,47519,47519,47519,47519,47519,47519,0.000%,.02058,48.61,13.03
TOTAL,68,1555,716,724,738,10734,4,47519,0.000%,1.39970,107.07,29.08
