Label,# Samples,Average,Median,90% Line,95% Line,99% Line,Min,Max,Error %,Throughput,Received KB/sec,Sent KB/sec
home,51,740,718,723,740,883,716,1582,0.000%,1.16290,43.61,11.32
randomPageParseRandom,4,718,717,719,719,719,717,719,0.000%,.48280,15.52,4.72
openPost,9,719,719,722,724,724,716,724,0.000%,.85665,27.53,8.36
randomPageParseFirst,1,719,719,719,719,719,719,719,0.000%,1.39082,39.49,13.59
Anonymous Script,1,10787,10787,10787,10787,10787,10787,10787,0.000%,.08856,42.35,12.97
Debug Sampler,1,0,0,0,0,0,0,0,0.000%,∞,0.00,0.00
Main Script,1,47807,47807,47807,47807,47807,47807,47807,0.000%,.02068,48.85,13.09
TOTAL,68,1564,718,724,883,10787,0,47807,0.000%,1.40650,107.59,29.22
